id,score,reproducible
3706468.3706470,3,no
3706468.3706482,4,no
3706468.3706489,4,no
3706468.3706493,3,no
3706468.3706501,4,no
3706468.3706514,3,no
3706468.3706535,5,yes
3706468.3706541,3,no
3706468.3706559,3,no
3706468.3706567,4,no
